<keymap version="1" name="Visual Studio (Migrated)" parent="Visual Studio 2022">
  <action id="ActivateInspectionResultsToolWindow">
    <keyboard-shortcut first-keystroke="ctrl alt 4" />
    <keyboard-shortcut first-keystroke="ctrl alt v" />
    <keyboard-shortcut first-keystroke="ctrl alt comma" />
  </action>
  <action id="ActivateStructureToolWindow">
    <keyboard-shortcut first-keystroke="ctrl alt t" />
    <keyboard-shortcut first-keystroke="ctrl f11" />
    <keyboard-shortcut first-keystroke="ctrl alt f" />
  </action>
  <action id="ChangeSignature">
    <keyboard-shortcut first-keystroke="ctrl r" second-keystroke="v" />
    <keyboard-shortcut first-keystroke="ctrl r" second-keystroke="ctrl v" />
    <keyboard-shortcut first-keystroke="ctrl r" second-keystroke="o" />
    <keyboard-shortcut first-keystroke="ctrl r" second-keystroke="ctrl o" />
    <keyboard-shortcut first-keystroke="ctrl f6" />
    <keyboard-shortcut first-keystroke="ctrl r" second-keystroke="ctrl s" />
    <keyboard-shortcut first-keystroke="ctrl r" second-keystroke="s" />
  </action>
  <action id="CommentByLineComment">
    <keyboard-shortcut first-keystroke="ctrl alt slash" />
    <keyboard-shortcut first-keystroke="ctrl alt divide" />
    <keyboard-shortcut first-keystroke="ctrl k" second-keystroke="c" />
    <keyboard-shortcut first-keystroke="ctrl k" second-keystroke="ctrl c" />
    <keyboard-shortcut first-keystroke="ctrl k" second-keystroke="ctrl slash" />
    <keyboard-shortcut first-keystroke="ctrl k" second-keystroke="ctrl u" />
    <keyboard-shortcut first-keystroke="ctrl slash" />
  </action>
  <action id="EnableDaemon">
    <keyboard-shortcut first-keystroke="shift ctrl alt 8" />
  </action>
  <action id="ExtractMethod">
    <keyboard-shortcut first-keystroke="ctrl r" second-keystroke="m" />
    <keyboard-shortcut first-keystroke="ctrl r" second-keystroke="ctrl m" />
    <keyboard-shortcut first-keystroke="ctrl alt m" />
  </action>
  <action id="FindUsages">
    <keyboard-shortcut first-keystroke="shift f12" />
    <keyboard-shortcut first-keystroke="alt f7" />
  </action>
  <action id="GotoBookmark0">
    <keyboard-shortcut first-keystroke="ctrl 0" />
  </action>
  <action id="GotoFile">
    <keyboard-shortcut first-keystroke="shift ctrl t" />
    <keyboard-shortcut first-keystroke="shift ctrl n" />
  </action>
  <action id="GotoRelated">
    <keyboard-shortcut first-keystroke="ctrl alt f7" />
    <keyboard-shortcut first-keystroke="shift ctrl alt g" />
  </action>
  <action id="GotoSymbol">
    <keyboard-shortcut first-keystroke="shift ctrl alt t" />
    <keyboard-shortcut first-keystroke="shift ctrl alt n" />
    <keyboard-shortcut first-keystroke="shift alt t" />
  </action>
  <action id="Graph.ActualSize">
    <keyboard-shortcut first-keystroke="ctrl divide" />
  </action>
  <action id="Images.Editor.ActualSize">
    <keyboard-shortcut first-keystroke="ctrl divide" />
  </action>
  <action id="Inline">
    <keyboard-shortcut first-keystroke="ctrl alt n" />
    <keyboard-shortcut first-keystroke="ctrl r" second-keystroke="ctrl i" />
    <keyboard-shortcut first-keystroke="ctrl r" second-keystroke="i" />
  </action>
  <action id="InsertLiveTemplate">
    <keyboard-shortcut first-keystroke="ctrl k" second-keystroke="x" />
    <keyboard-shortcut first-keystroke="ctrl k" second-keystroke="ctrl x" />
    <keyboard-shortcut first-keystroke="ctrl e" second-keystroke="l" />
    <keyboard-shortcut first-keystroke="ctrl e" second-keystroke="ctrl l" />
    <keyboard-shortcut first-keystroke="ctrl j" />
  </action>
  <action id="InspectThis">
    <keyboard-shortcut first-keystroke="shift ctrl alt a" />
  </action>
  <action id="IntroduceParameter">
    <keyboard-shortcut first-keystroke="ctrl r" second-keystroke="p" />
    <keyboard-shortcut first-keystroke="ctrl r" second-keystroke="ctrl p" />
    <keyboard-shortcut first-keystroke="ctrl alt p" />
  </action>
  <action id="IntroduceVariable">
    <keyboard-shortcut first-keystroke="ctrl r" second-keystroke="v" />
    <keyboard-shortcut first-keystroke="ctrl r" second-keystroke="ctrl v" />
  </action>
  <action id="Move">
    <keyboard-shortcut first-keystroke="f6" />
    <keyboard-shortcut first-keystroke="ctrl r" second-keystroke="o" />
    <keyboard-shortcut first-keystroke="ctrl r" second-keystroke="ctrl o" />
  </action>
  <action id="MoveStatementDown">
    <keyboard-shortcut first-keystroke="shift ctrl alt down" />
    <keyboard-shortcut first-keystroke="shift ctrl alt j" />
  </action>
  <action id="MoveStatementUp">
    <keyboard-shortcut first-keystroke="shift ctrl alt up" />
    <keyboard-shortcut first-keystroke="shift ctrl alt k" />
  </action>
  <action id="QuickJavaDoc">
    <keyboard-shortcut first-keystroke="ctrl k" second-keystroke="i" />
    <keyboard-shortcut first-keystroke="ctrl k" second-keystroke="ctrl i" />
    <keyboard-shortcut first-keystroke="shift ctrl f1" />
    <keyboard-shortcut first-keystroke="ctrl q" />
  </action>
  <action id="RecentChangedFiles">
    <keyboard-shortcut first-keystroke="shift ctrl alt back_space" />
    <keyboard-shortcut first-keystroke="shift ctrl comma" />
  </action>
  <action id="RecentFiles">
    <keyboard-shortcut first-keystroke="ctrl comma" />
  </action>
  <action id="RenameElement">
    <keyboard-shortcut first-keystroke="ctrl r" second-keystroke="r" />
    <keyboard-shortcut first-keystroke="ctrl r" second-keystroke="ctrl r" />
    <keyboard-shortcut first-keystroke="f2" />
    <keyboard-shortcut first-keystroke="shift f6" />
  </action>
  <action id="RiderUnitTestAppendTestsAction">
    <keyboard-shortcut first-keystroke="ctrl u" second-keystroke="ctrl a" />
    <keyboard-shortcut first-keystroke="ctrl u" second-keystroke="a" />
  </action>
  <action id="RiderUnitTestDebugContextAction">
    <keyboard-shortcut first-keystroke="ctrl u" second-keystroke="ctrl d" />
    <keyboard-shortcut first-keystroke="ctrl u" second-keystroke="d" />
  </action>
  <action id="RiderUnitTestFocusExplorerAction">
    <keyboard-shortcut first-keystroke="ctrl alt u" />
  </action>
  <action id="RiderUnitTestNewSessionAction">
    <keyboard-shortcut first-keystroke="ctrl u" second-keystroke="n" />
    <keyboard-shortcut first-keystroke="ctrl u" second-keystroke="ctrl n" />
  </action>
  <action id="RiderUnitTestRunContextAction">
    <keyboard-shortcut first-keystroke="ctrl u" second-keystroke="ctrl r" />
    <keyboard-shortcut first-keystroke="ctrl u" second-keystroke="r" />
  </action>
  <action id="RiderUnitTestRunCurrentSessionAction">
    <keyboard-shortcut first-keystroke="ctrl u" second-keystroke="y" />
    <keyboard-shortcut first-keystroke="ctrl u" second-keystroke="ctrl y" />
  </action>
  <action id="SearchEverywhere">
    <keyboard-shortcut first-keystroke="ctrl t" />
    <keyboard-shortcut first-keystroke="ctrl comma" />
    <keyboard-shortcut first-keystroke="ctrl n" />
  </action>
  <action id="ShowSettingsAndFindUsages">
    <keyboard-shortcut first-keystroke="shift ctrl alt f12" />
    <keyboard-shortcut first-keystroke="shift alt f7" />
  </action>
  <action id="SilentCodeCleanup">
    <keyboard-shortcut first-keystroke="ctrl e" second-keystroke="f" />
    <keyboard-shortcut first-keystroke="ctrl e" second-keystroke="ctrl f" />
    <keyboard-shortcut first-keystroke="shift ctrl alt f" />
  </action>
  <action id="SmartTypeCompletion">
    <keyboard-shortcut first-keystroke="ctrl alt space" />
    <keyboard-shortcut first-keystroke="shift ctrl space" />
  </action>
  <action id="SurroundWithLiveTemplate">
    <keyboard-shortcut first-keystroke="ctrl e" second-keystroke="u" />
    <keyboard-shortcut first-keystroke="ctrl e" second-keystroke="ctrl u" />
    <keyboard-shortcut first-keystroke="ctrl k" second-keystroke="s" />
    <keyboard-shortcut first-keystroke="ctrl k" second-keystroke="ctrl s" />
    <keyboard-shortcut first-keystroke="ctrl alt j" />
  </action>
  <action id="TypeHierarchy">
    <keyboard-shortcut first-keystroke="ctrl e" second-keystroke="h" />
    <keyboard-shortcut first-keystroke="ctrl e" second-keystroke="ctrl h" />
    <keyboard-shortcut first-keystroke="ctrl alt h" />
  </action>
  <action id="Unscramble">
    <keyboard-shortcut first-keystroke="ctrl e" second-keystroke="ctrl t" />
    <keyboard-shortcut first-keystroke="shift ctrl e" />
    <keyboard-shortcut first-keystroke="ctrl e" second-keystroke="t" />
  </action>
</keymap>